{
    "16, 1": {
        "val": {
            "PICP": 0.9705882352941176,
            "MPIW": 40.613895416259766
        },
        "test": {
            "PICP": 0.9707317073170731,
            "MPIW": 40.935630798339844
        }
    },
    "8, 1": {
        "val": {
            "PICP": 0.9705882352941176,
            "MPIW": 40.660526275634766
        },
        "test": {
            "PICP": 0.9707317073170731,
            "MPIW": 40.94347381591797
        }
    },
    "2, 1": {
        "val": {
            "PICP": 0.9705882352941176,
            "MPIW": 40.625972747802734
        },
        "test": {
            "PICP": 0.9707317073170731,
            "MPIW": 40.938785552978516
        }
    },
    "4, 1": {
        "val": {
            "PICP": 0.9705882352941176,
            "MPIW": 40.39225387573242
        },
        "test": {
            "PICP": 0.9707317073170731,
            "MPIW": 40.68023681640625
        }
    },
    "16, Dropout, 8, Dropout": {
        "val": {
            "PICP": 0.9656862745098039,
            "MPIW": 40.709922790527344
        },
        "test": {
            "PICP": 0.9707317073170731,
            "MPIW": 41.02370834350586
        }
    },
    "16, Dropout": {
        "val": {
            "PICP": 0.9705882352941176,
            "MPIW": 40.7202262878418
        },
        "test": {
            "PICP": 0.9707317073170731,
            "MPIW": 41.034568786621094
        }
    }
}