{
    "16, 1": {
        "val": {
            "PICP": 0.9473684210526315,
            "MPIW": 40.7547492980957
        },
        "test": {
            "PICP": 0.934640522875817,
            "MPIW": 40.41037368774414
        }
    },
    "8, 1": {
        "val": {
            "PICP": 0.9407894736842105,
            "MPIW": 40.88924026489258
        },
        "test": {
            "PICP": 0.9411764705882353,
            "MPIW": 40.55075454711914
        }
    },
    "2, 1": {
        "val": {
            "PICP": 0.9473684210526315,
            "MPIW": 41.57143783569336
        },
        "test": {
            "PICP": 0.9411764705882353,
            "MPIW": 41.20061492919922
        }
    },
    "4, 1": {
        "val": {
            "PICP": 0.9473684210526315,
            "MPIW": 40.37489700317383
        },
        "test": {
            "PICP": 0.934640522875817,
            "MPIW": 40.063568115234375
        }
    },
    "16, Dropout, 8, Dropout": {
        "val": {
            "PICP": 0.9473684210526315,
            "MPIW": 41.62968826293945
        },
        "test": {
            "PICP": 0.9411764705882353,
            "MPIW": 41.26969909667969
        }
    },
    "16, Dropout": {
        "val": {
            "PICP": 0.9407894736842105,
            "MPIW": 40.944976806640625
        },
        "test": {
            "PICP": 0.934640522875817,
            "MPIW": 40.59422302246094
        }
    }
}