{
    "SVM_Split_Conformal": {
        "PICP": 0.9365853658536586,
        "MPIW": 43.69683030039197
    },
    "Linear_CQR": {
        "PICP": 0.9073170731707317,
        "MPIW": 40.33333333333331
    },
    "ANN_CQR": {
        "PICP": 0.9219512195121952,
        "MPIW": 39.011204450498724
    }
}