{
    "SVM_Split_Conformal": {
        "PICP": 0.9150326797385621,
        "MPIW": 39.99782968459487
    },
    "Linear_CQR": {
        "PICP": 0.9477124183006536,
        "MPIW": 42.23333333333333
    },
    "ANN_CQR": {
        "PICP": 0.9411764705882353,
        "MPIW": 41.867046133053854
    }
}