{
    "rf": {
        "Low": {
            "precision": 0.41216216216216217,
            "recall": 0.5041322314049587,
            "f1-score": 0.45353159851301117,
            "support": 121.0
        },
        "Medium": {
            "precision": 0.3217391304347826,
            "recall": 0.26811594202898553,
            "f1-score": 0.2924901185770751,
            "support": 138.0
        },
        "High": {
            "precision": 0.3925925925925926,
            "recall": 0.39849624060150374,
            "f1-score": 0.39552238805970147,
            "support": 133.0
        },
        "Very High": {
            "precision": 0.2962962962962963,
            "recall": 0.2807017543859649,
            "f1-score": 0.2882882882882883,
            "support": 114.0
        },
        "accuracy": 0.3616600790513834,
        "macro avg": {
            "precision": 0.3556975453714584,
            "recall": 0.3628615421053532,
            "f1-score": 0.35745809835951897,
            "support": 506.0
        },
        "weighted avg": {
            "precision": 0.3562533877751269,
            "recall": 0.3616600790513834,
            "f1-score": 0.35713498470457683,
            "support": 506.0
        }
    },
    "xgb": {
        "Low": {
            "precision": 0.4178082191780822,
            "recall": 0.5041322314049587,
            "f1-score": 0.45692883895131087,
            "support": 121.0
        },
        "Medium": {
            "precision": 0.3177570093457944,
            "recall": 0.2463768115942029,
            "f1-score": 0.27755102040816326,
            "support": 138.0
        },
        "High": {
            "precision": 0.3819444444444444,
            "recall": 0.41353383458646614,
            "f1-score": 0.3971119133574007,
            "support": 133.0
        },
        "Very High": {
            "precision": 0.25688073394495414,
            "recall": 0.24561403508771928,
            "f1-score": 0.25112107623318386,
            "support": 114.0
        },
        "accuracy": 0.35177865612648224,
        "macro avg": {
            "precision": 0.34359760172831877,
            "recall": 0.3524142281683368,
            "f1-score": 0.34567821223751466,
            "support": 506.0
        },
        "weighted avg": {
            "precision": 0.34483849128676575,
            "recall": 0.35177865612648224,
            "f1-score": 0.34591722825405613,
            "support": 506.0
        }
    },
    "ada": {
        "Low": {
            "precision": 0.39111111111111113,
            "recall": 0.7272727272727273,
            "f1-score": 0.5086705202312138,
            "support": 121.0
        },
        "Medium": {
            "precision": 0.2962962962962963,
            "recall": 0.057971014492753624,
            "f1-score": 0.09696969696969697,
            "support": 138.0
        },
        "High": {
            "precision": 0.4152046783625731,
            "recall": 0.5338345864661654,
            "f1-score": 0.46710526315789475,
            "support": 133.0
        },
        "Very High": {
            "precision": 0.37349397590361444,
            "recall": 0.2719298245614035,
            "f1-score": 0.3147208121827411,
            "support": 114.0
        },
        "accuracy": 0.391304347826087,
        "macro avg": {
            "precision": 0.36902651541839876,
            "recall": 0.3977520381982625,
            "f1-score": 0.34686657313538666,
            "support": 506.0
        },
        "weighted avg": {
            "precision": 0.3676163415189083,
            "recall": 0.391304347826087,
            "f1-score": 0.34176704292218885,
            "support": 506.0
        }
    },
    "svc": {
        "Low": {
            "precision": 0.3932038834951456,
            "recall": 0.6694214876033058,
            "f1-score": 0.4954128440366973,
            "support": 121.0
        },
        "Medium": {
            "precision": 0.2413793103448276,
            "recall": 0.10144927536231885,
            "f1-score": 0.14285714285714285,
            "support": 138.0
        },
        "High": {
            "precision": 0.40298507462686567,
            "recall": 0.6090225563909775,
            "f1-score": 0.48502994011976047,
            "support": 133.0
        },
        "Very High": {
            "precision": 0.4146341463414634,
            "recall": 0.14912280701754385,
            "f1-score": 0.21935483870967742,
            "support": 114.0
        },
        "accuracy": 0.3814229249011858,
        "macro avg": {
            "precision": 0.36305060370207554,
            "recall": 0.3822540315935365,
            "f1-score": 0.33566369143081953,
            "support": 506.0
        },
        "weighted avg": {
            "precision": 0.3591962892071122,
            "recall": 0.3814229249011858,
            "f1-score": 0.3343372993904297,
            "support": 506.0
        }
    }
}