{
    "16, 1": {
        "val": {
            "PICP": 0.9634703196347032,
            "MPIW": 47.19537353515625
        },
        "test": {
            "PICP": 0.9634703196347032,
            "MPIW": 47.139892578125
        }
    },
    "8, 1": {
        "val": {
            "PICP": 0.954337899543379,
            "MPIW": 46.81431198120117
        },
        "test": {
            "PICP": 0.9497716894977168,
            "MPIW": 46.75381851196289
        }
    },
    "2, 1": {
        "val": {
            "PICP": 0.908675799086758,
            "MPIW": 46.36594009399414
        },
        "test": {
            "PICP": 0.8858447488584474,
            "MPIW": 46.36594009399414
        }
    },
    "4, 1": {
        "val": {
            "PICP": 0.958904109589041,
            "MPIW": 47.21567153930664
        },
        "test": {
            "PICP": 0.9634703196347032,
            "MPIW": 47.21866989135742
        }
    },
    "16, Dropout, 8, Dropout": {
        "val": {
            "PICP": 0.9497716894977168,
            "MPIW": 51.07823944091797
        },
        "test": {
            "PICP": 0.958904109589041,
            "MPIW": 51.66743087768555
        }
    },
    "16, Dropout": {
        "val": {
            "PICP": 0.954337899543379,
            "MPIW": 50.81865310668945
        },
        "test": {
            "PICP": 0.9680365296803652,
            "MPIW": 51.275577545166016
        }
    }
}