{
    "16, 1": {
        "val": {
            "PICP": 0.9725274725274725,
            "MPIW": 45.59107208251953
        },
        "test": {
            "PICP": 0.9725274725274725,
            "MPIW": 45.51350402832031
        }
    },
    "8, 1": {
        "val": {
            "PICP": 0.978021978021978,
            "MPIW": 45.70448684692383
        },
        "test": {
            "PICP": 0.9725274725274725,
            "MPIW": 45.619407653808594
        }
    },
    "2, 1": {
        "val": {
            "PICP": 0.978021978021978,
            "MPIW": 45.69520568847656
        },
        "test": {
            "PICP": 0.9725274725274725,
            "MPIW": 45.623512268066406
        }
    },
    "4, 1": {
        "val": {
            "PICP": 0.9505494505494505,
            "MPIW": 45.704402923583984
        },
        "test": {
            "PICP": 0.9560439560439561,
            "MPIW": 45.632266998291016
        }
    },
    "16, Dropout, 8, Dropout": {
        "val": {
            "PICP": 0.967032967032967,
            "MPIW": 53.326881408691406
        },
        "test": {
            "PICP": 0.945054945054945,
            "MPIW": 54.24917221069336
        }
    },
    "16, Dropout": {
        "val": {
            "PICP": 0.9615384615384616,
            "MPIW": 53.28468322753906
        },
        "test": {
            "PICP": 0.945054945054945,
            "MPIW": 54.22084426879883
        }
    }
}