{
    "16, 1": {
        "val": {
            "PICP": 0.9683794466403162,
            "MPIW": 46.385066986083984
        },
        "test": {
            "PICP": 0.9841897233201581,
            "MPIW": 46.3980827331543
        }
    },
    "8, 1": {
        "val": {
            "PICP": 0.9683794466403162,
            "MPIW": 46.45441436767578
        },
        "test": {
            "PICP": 0.9841897233201581,
            "MPIW": 46.47288513183594
        }
    },
    "2, 1": {
        "val": {
            "PICP": 0.9683794466403162,
            "MPIW": 46.431575775146484
        },
        "test": {
            "PICP": 0.9802371541501976,
            "MPIW": 46.44318771362305
        }
    },
    "4, 1": {
        "val": {
            "PICP": 0.9169960474308301,
            "MPIW": 46.400962829589844
        },
        "test": {
            "PICP": 0.8972332015810277,
            "MPIW": 46.416351318359375
        }
    },
    "16, Dropout, 8, Dropout": {
        "val": {
            "PICP": 0.9446640316205533,
            "MPIW": 55.43472671508789
        },
        "test": {
            "PICP": 0.9644268774703557,
            "MPIW": 55.252071380615234
        }
    },
    "16, Dropout": {
        "val": {
            "PICP": 0.9525691699604744,
            "MPIW": 55.671566009521484
        },
        "test": {
            "PICP": 0.9683794466403162,
            "MPIW": 55.499755859375
        }
    }
}