{
    "16, 1": {
        "val": {
            "PICP": 0.978021978021978,
            "MPIW": 45.59657669067383
        },
        "test": {
            "PICP": 0.9725274725274725,
            "MPIW": 45.511775970458984
        }
    },
    "8, 1": {
        "val": {
            "PICP": 0.967032967032967,
            "MPIW": 45.79575729370117
        },
        "test": {
            "PICP": 0.967032967032967,
            "MPIW": 45.70844650268555
        }
    },
    "2, 1": {
        "val": {
            "PICP": 0.9725274725274725,
            "MPIW": 45.56993865966797
        },
        "test": {
            "PICP": 0.967032967032967,
            "MPIW": 45.49161911010742
        }
    },
    "4, 1": {
        "val": {
            "PICP": 0.9725274725274725,
            "MPIW": 45.67587661743164
        },
        "test": {
            "PICP": 0.967032967032967,
            "MPIW": 45.58570861816406
        }
    },
    "16, Dropout, 8, Dropout": {
        "val": {
            "PICP": 0.9560439560439561,
            "MPIW": 52.46805953979492
        },
        "test": {
            "PICP": 0.945054945054945,
            "MPIW": 53.33528137207031
        }
    },
    "16, Dropout": {
        "val": {
            "PICP": 0.967032967032967,
            "MPIW": 53.19223403930664
        },
        "test": {
            "PICP": 0.945054945054945,
            "MPIW": 54.098697662353516
        }
    }
}