{
    "rf": {
        "Low": {
            "precision": 0.4631578947368421,
            "recall": 0.5301204819277109,
            "f1-score": 0.4943820224719101,
            "support": 83.0
        },
        "Medium": {
            "precision": 0.33766233766233766,
            "recall": 0.2765957446808511,
            "f1-score": 0.30409356725146197,
            "support": 94.0
        },
        "High": {
            "precision": 0.4358974358974359,
            "recall": 0.5257731958762887,
            "f1-score": 0.4766355140186916,
            "support": 97.0
        },
        "Very High": {
            "precision": 0.0625,
            "recall": 0.03225806451612903,
            "f1-score": 0.0425531914893617,
            "support": 31.0
        },
        "accuracy": 0.4,
        "macro avg": {
            "precision": 0.3248044170741539,
            "recall": 0.34118687175024487,
            "f1-score": 0.32941607380785637,
            "support": 305.0
        },
        "weighted avg": {
            "precision": 0.37508825011629154,
            "recall": 0.4,
            "f1-score": 0.38416818682881726,
            "support": 305.0
        }
    },
    "xgb": {
        "Low": {
            "precision": 0.5128205128205128,
            "recall": 0.4819277108433735,
            "f1-score": 0.4968944099378882,
            "support": 83.0
        },
        "Medium": {
            "precision": 0.3,
            "recall": 0.2553191489361702,
            "f1-score": 0.27586206896551724,
            "support": 94.0
        },
        "High": {
            "precision": 0.4146341463414634,
            "recall": 0.5257731958762887,
            "f1-score": 0.4636363636363636,
            "support": 97.0
        },
        "Very High": {
            "precision": 0.08333333333333333,
            "recall": 0.06451612903225806,
            "f1-score": 0.07272727272727272,
            "support": 31.0
        },
        "accuracy": 0.3836065573770492,
        "macro avg": {
            "precision": 0.32769699812382735,
            "recall": 0.3318840461720226,
            "f1-score": 0.32728002881676044,
            "support": 305.0
        },
        "weighted avg": {
            "precision": 0.3723506494837962,
            "recall": 0.3836065573770492,
            "f1-score": 0.37508374831106905,
            "support": 305.0
        }
    },
    "ada": {
        "Low": {
            "precision": 0.5363636363636364,
            "recall": 0.7108433734939759,
            "f1-score": 0.6113989637305699,
            "support": 83.0
        },
        "Medium": {
            "precision": 0.0,
            "recall": 0.0,
            "f1-score": 0.0,
            "support": 94.0
        },
        "High": {
            "precision": 0.4307692307692308,
            "recall": 0.865979381443299,
            "f1-score": 0.5753424657534246,
            "support": 97.0
        },
        "Very High": {
            "precision": 0.0,
            "recall": 0.0,
            "f1-score": 0.0,
            "support": 31.0
        },
        "accuracy": 0.46885245901639344,
        "macro avg": {
            "precision": 0.2417832167832168,
            "recall": 0.3942056887343187,
            "f1-score": 0.29668535737099866,
            "support": 305.0
        },
        "weighted avg": {
            "precision": 0.28295999082884327,
            "recall": 0.46885245901639344,
            "f1-score": 0.349358469402359,
            "support": 305.0
        }
    },
    "svc": {
        "Low": {
            "precision": 0.627906976744186,
            "recall": 0.6506024096385542,
            "f1-score": 0.6390532544378699,
            "support": 83.0
        },
        "Medium": {
            "precision": 0.4,
            "recall": 0.2127659574468085,
            "f1-score": 0.2777777777777778,
            "support": 94.0
        },
        "High": {
            "precision": 0.4556213017751479,
            "recall": 0.7938144329896907,
            "f1-score": 0.5789473684210527,
            "support": 97.0
        },
        "Very High": {
            "precision": 0.0,
            "recall": 0.0,
            "f1-score": 0.0,
            "support": 31.0
        },
        "accuracy": 0.49508196721311476,
        "macro avg": {
            "precision": 0.3708820696298335,
            "recall": 0.41429570001876337,
            "f1-score": 0.3739446001591751,
            "support": 305.0
        },
        "weighted avg": {
            "precision": 0.4390542470228091,
            "recall": 0.49508196721311476,
            "f1-score": 0.44364074087310296,
            "support": 305.0
        }
    }
}