{
    "rf": {
        "Low": {
            "precision": 0.5,
            "recall": 0.5901639344262295,
            "f1-score": 0.5413533834586466,
            "support": 122.0
        },
        "Medium": {
            "precision": 0.3173076923076923,
            "recall": 0.28205128205128205,
            "f1-score": 0.2986425339366516,
            "support": 117.0
        },
        "High": {
            "precision": 0.5238095238095238,
            "recall": 0.5422535211267606,
            "f1-score": 0.532871972318339,
            "support": 142.0
        },
        "Very High": {
            "precision": 0.14285714285714285,
            "recall": 0.07142857142857142,
            "f1-score": 0.09523809523809523,
            "support": 28.0
        },
        "accuracy": 0.44987775061124696,
        "macro avg": {
            "precision": 0.37099358974358976,
            "recall": 0.3714743272582109,
            "f1-score": 0.36702649623793315,
            "support": 409.0
        },
        "weighted avg": {
            "precision": 0.43155489579694956,
            "recall": 0.44987775061124696,
            "f1-score": 0.4384371051061465,
            "support": 409.0
        }
    },
    "xgb": {
        "Low": {
            "precision": 0.48201438848920863,
            "recall": 0.5491803278688525,
            "f1-score": 0.5134099616858238,
            "support": 122.0
        },
        "Medium": {
            "precision": 0.32432432432432434,
            "recall": 0.3076923076923077,
            "f1-score": 0.3157894736842105,
            "support": 117.0
        },
        "High": {
            "precision": 0.45517241379310347,
            "recall": 0.4647887323943662,
            "f1-score": 0.45993031358885017,
            "support": 142.0
        },
        "Very High": {
            "precision": 0.14285714285714285,
            "recall": 0.07142857142857142,
            "f1-score": 0.09523809523809523,
            "support": 28.0
        },
        "accuracy": 0.4180929095354523,
        "macro avg": {
            "precision": 0.3510920673659448,
            "recall": 0.34827248484602447,
            "f1-score": 0.3460919610492449,
            "support": 409.0
        },
        "weighted avg": {
            "precision": 0.40436719828912004,
            "recall": 0.4180929095354523,
            "f1-score": 0.4096825304229988,
            "support": 409.0
        }
    },
    "ada": {
        "Low": {
            "precision": 0.524390243902439,
            "recall": 0.7049180327868853,
            "f1-score": 0.6013986013986014,
            "support": 122.0
        },
        "Medium": {
            "precision": 0.35294117647058826,
            "recall": 0.3076923076923077,
            "f1-score": 0.3287671232876712,
            "support": 117.0
        },
        "High": {
            "precision": 0.5384615384615384,
            "recall": 0.5422535211267606,
            "f1-score": 0.5403508771929825,
            "support": 142.0
        },
        "Very High": {
            "precision": 0.0,
            "recall": 0.0,
            "f1-score": 0.0,
            "support": 28.0
        },
        "accuracy": 0.48655256723716384,
        "macro avg": {
            "precision": 0.3539482397086414,
            "recall": 0.38871596540148834,
            "f1-score": 0.36762915046981376,
            "support": 409.0
        },
        "weighted avg": {
            "precision": 0.44433072338556195,
            "recall": 0.48655256723716384,
            "f1-score": 0.46104207177674916,
            "support": 409.0
        }
    },
    "svc": {
        "Low": {
            "precision": 0.5547945205479452,
            "recall": 0.6639344262295082,
            "f1-score": 0.6044776119402985,
            "support": 122.0
        },
        "Medium": {
            "precision": 0.31746031746031744,
            "recall": 0.17094017094017094,
            "f1-score": 0.2222222222222222,
            "support": 117.0
        },
        "High": {
            "precision": 0.505,
            "recall": 0.7112676056338029,
            "f1-score": 0.5906432748538012,
            "support": 142.0
        },
        "Very High": {
            "precision": 0.0,
            "recall": 0.0,
            "f1-score": 0.0,
            "support": 28.0
        },
        "accuracy": 0.4938875305623472,
        "macro avg": {
            "precision": 0.34431370950206563,
            "recall": 0.38653555070087053,
            "f1-score": 0.3543357772540805,
            "support": 409.0
        },
        "weighted avg": {
            "precision": 0.43163273508485683,
            "recall": 0.4938875305623472,
            "f1-score": 0.4489428207480591,
            "support": 409.0
        }
    }
}