{
    "QuantileRegressor": {
        "PICP": 0.8975609756097561,
        "MPIW": 39.899999999999984
    },
    "GradientBoostingRegressor": {
        "PICP": 0.9365853658536586,
        "MPIW": 38.92445495973287
    },
    "HistGradientBoostingRegressor": {
        "PICP": 0.9317073170731708,
        "MPIW": 40.02847516032356
    }
}