{
    "rf": {
        "Low": {
            "precision": 0.504950495049505,
            "recall": 0.5204081632653061,
            "f1-score": 0.5125628140703518,
            "support": 98.0
        },
        "Medium": {
            "precision": 0.2,
            "recall": 0.2318840579710145,
            "f1-score": 0.21476510067114093,
            "support": 69.0
        },
        "High": {
            "precision": 0.4144144144144144,
            "recall": 0.45098039215686275,
            "f1-score": 0.431924882629108,
            "support": 102.0
        },
        "Very High": {
            "precision": 0.3611111111111111,
            "recall": 0.2736842105263158,
            "f1-score": 0.31137724550898205,
            "support": 95.0
        },
        "accuracy": 0.38186813186813184,
        "macro avg": {
            "precision": 0.3701190051437576,
            "recall": 0.3692392059798748,
            "f1-score": 0.36765751071989566,
            "support": 364.0
        },
        "weighted avg": {
            "precision": 0.3842334459908718,
            "recall": 0.38186813186813184,
            "f1-score": 0.38100858262836684,
            "support": 364.0
        }
    },
    "xgb": {
        "Low": {
            "precision": 0.5053763440860215,
            "recall": 0.47959183673469385,
            "f1-score": 0.49214659685863876,
            "support": 98.0
        },
        "Medium": {
            "precision": 0.18421052631578946,
            "recall": 0.2028985507246377,
            "f1-score": 0.19310344827586207,
            "support": 69.0
        },
        "High": {
            "precision": 0.4339622641509434,
            "recall": 0.45098039215686275,
            "f1-score": 0.4423076923076923,
            "support": 102.0
        },
        "Very High": {
            "precision": 0.39325842696629215,
            "recall": 0.3684210526315789,
            "f1-score": 0.3804347826086957,
            "support": 95.0
        },
        "accuracy": 0.3901098901098901,
        "macro avg": {
            "precision": 0.37920189037976165,
            "recall": 0.3754729580619433,
            "f1-score": 0.3769981300127222,
            "support": 364.0
        },
        "weighted avg": {
            "precision": 0.3952228284104768,
            "recall": 0.3901098901098901,
            "f1-score": 0.3923384433692082,
            "support": 364.0
        }
    },
    "ada": {
        "Low": {
            "precision": 0.5121951219512195,
            "recall": 0.6428571428571429,
            "f1-score": 0.5701357466063348,
            "support": 98.0
        },
        "Medium": {
            "precision": 0.17777777777777778,
            "recall": 0.11594202898550725,
            "f1-score": 0.14035087719298245,
            "support": 69.0
        },
        "High": {
            "precision": 0.42857142857142855,
            "recall": 0.7941176470588235,
            "f1-score": 0.5567010309278351,
            "support": 102.0
        },
        "Very High": {
            "precision": 0.42857142857142855,
            "recall": 0.031578947368421054,
            "f1-score": 0.058823529411764705,
            "support": 95.0
        },
        "accuracy": 0.4258241758241758,
        "macro avg": {
            "precision": 0.38677893921796364,
            "recall": 0.39612394156747366,
            "f1-score": 0.33150279603472926,
            "support": 364.0
        },
        "weighted avg": {
            "precision": 0.40354494518257583,
            "recall": 0.4258241758241758,
            "f1-score": 0.35145399489696,
            "support": 364.0
        }
    },
    "svc": {
        "Low": {
            "precision": 0.5576923076923077,
            "recall": 0.5918367346938775,
            "f1-score": 0.5742574257425742,
            "support": 98.0
        },
        "Medium": {
            "precision": 0.21951219512195122,
            "recall": 0.2608695652173913,
            "f1-score": 0.23841059602649006,
            "support": 69.0
        },
        "High": {
            "precision": 0.44025157232704404,
            "recall": 0.6862745098039216,
            "f1-score": 0.5363984674329502,
            "support": 102.0
        },
        "Very High": {
            "precision": 0.2631578947368421,
            "recall": 0.05263157894736842,
            "f1-score": 0.08771929824561403,
            "support": 95.0
        },
        "accuracy": 0.41483516483516486,
        "macro avg": {
            "precision": 0.3701534924695362,
            "recall": 0.3979030971656397,
            "f1-score": 0.35919644686190716,
            "support": 364.0
        },
        "weighted avg": {
            "precision": 0.38380727471049253,
            "recall": 0.41483516483516486,
            "f1-score": 0.3730042193958636,
            "support": 364.0
        }
    }
}