{
    "16, 1": {
        "Test": {
            "MAE": 13.435578017756246,
            "MSE": 242.6655176312782,
            "R2": 0.09603998691598137
        },
        "Val": {
            "MAE": 13.264956720073231,
            "MSE": 248.73861843028718,
            "R2": 0.011027805266878743
        }
    },
    "8, 1": {
        "Test": {
            "MAE": 13.468592925894717,
            "MSE": 243.38073342580122,
            "R2": 0.09337571683226342
        },
        "Val": {
            "MAE": 13.27488544273125,
            "MSE": 247.64694988750023,
            "R2": 0.015368224303915934
        }
    },
    "2, 1": {
        "Test": {
            "MAE": 13.588056598457266,
            "MSE": 246.73815919368565,
            "R2": 0.08086887749764915
        },
        "Val": {
            "MAE": 13.356993505103473,
            "MSE": 246.75632417961793,
            "R2": 0.018909307174636014
        }
    },
    "4, 1": {
        "Test": {
            "MAE": 13.511365802498517,
            "MSE": 244.2140313300052,
            "R2": 0.09027157582475653
        },
        "Val": {
            "MAE": 13.307051910430546,
            "MSE": 247.18961207791997,
            "R2": 0.01718657635607934
        }
    },
    "8, 4, 2, 1": {
        "Test": {
            "MAE": 16.64655477295123,
            "MSE": 451.54661377309515,
            "R2": -0.6820687458140915
        },
        "Val": {
            "MAE": 15.488575152823104,
            "MSE": 413.64132508775356,
            "R2": -0.6446170348855702
        }
    },
    "16, Dropout, 8, Dropout": {
        "Test": {
            "MAE": 13.343299445251546,
            "MSE": 242.17525408280574,
            "R2": 0.09786628118315943
        },
        "Val": {
            "MAE": 13.11346196361838,
            "MSE": 247.08456214427096,
            "R2": 0.017604249591112398
        }
    },
    "16, Dropout": {
        "Test": {
            "MAE": 13.450164245535104,
            "MSE": 243.48120278743784,
            "R2": 0.09300145564202067
        },
        "Val": {
            "MAE": 13.246390995834812,
            "MSE": 247.27033808986727,
            "R2": 0.016865613806269497
        }
    }
}