{
    "16, 1": {
        "Test": {
            "MAE": 12.5562605543451,
            "MSE": 226.28538530091166,
            "R2": -0.006518291938147458
        },
        "Val": {
            "MAE": 11.869484711042693,
            "MSE": 202.13247720491063,
            "R2": 0.17995056979663437
        }
    },
    "8, 1": {
        "Test": {
            "MAE": 12.531451564132071,
            "MSE": 224.16564180475385,
            "R2": 0.0029103355459586533
        },
        "Val": {
            "MAE": 12.107769706572368,
            "MSE": 205.95993022418583,
            "R2": 0.1644226313327678
        }
    },
    "2, 1": {
        "Test": {
            "MAE": 12.603129892034843,
            "MSE": 223.79627366011366,
            "R2": 0.0045532865193289584
        },
        "Val": {
            "MAE": 12.459168056166654,
            "MSE": 212.80248196821503,
            "R2": 0.1366624676202346
        }
    },
    "4, 1": {
        "Test": {
            "MAE": 12.545216557569118,
            "MSE": 223.88313255414135,
            "R2": 0.004166937813953497
        },
        "Val": {
            "MAE": 12.195790031279403,
            "MSE": 207.48638735585868,
            "R2": 0.1582298100782733
        }
    },
    "8, 4, 2, 1": {
        "Test": {
            "MAE": 13.890048901065363,
            "MSE": 283.8941673072073,
            "R2": -0.26276238294962373
        },
        "Val": {
            "MAE": 14.177912124522004,
            "MSE": 275.2567051441601,
            "R2": -0.11671368863845566
        }
    },
    "16, Dropout, 8, Dropout": {
        "Test": {
            "MAE": 12.530321288894818,
            "MSE": 226.75832181407642,
            "R2": -0.00862191542577495
        },
        "Val": {
            "MAE": 11.878537520034847,
            "MSE": 203.63810474871636,
            "R2": 0.17384225397094588
        }
    },
    "16, Dropout": {
        "Test": {
            "MAE": 12.508118266500393,
            "MSE": 224.74515129920584,
            "R2": 0.00033267501458089654
        },
        "Val": {
            "MAE": 12.0824288277399,
            "MSE": 205.8029488886243,
            "R2": 0.16505950303473227
        }
    }
}