{
    "16, Dropout, 8, Dropout": {
        "Test": {
            "MAE": 9.494537008021906,
            "MSE": 128.3860852527309,
            "R2": 0.2650228917477233
        },
        "Val": {
            "MAE": 8.694142171931423,
            "MSE": 115.78746353297342,
            "R2": 0.24849377705320275
        }
    },
    "16, Dropout": {
        "Test": {
            "MAE": 9.525677713223589,
            "MSE": 127.16467711206167,
            "R2": 0.27201513721932336
        },
        "Val": {
            "MAE": 8.761991977590363,
            "MSE": 115.07847963870294,
            "R2": 0.25309536164842605
        }
    }
}