{
    "16, 1": {
        "Test": {
            "MAE": 9.468962357063605,
            "MSE": 125.97979390958989,
            "R2": 0.2787982868733929
        },
        "Val": {
            "MAE": 8.752615237719093,
            "MSE": 114.7312809096458,
            "R2": 0.255348818089428
        }
    },
    "8, 1": {
        "Test": {
            "MAE": 9.488563225288702,
            "MSE": 126.68780124357092,
            "R2": 0.27474512813795504
        },
        "Val": {
            "MAE": 8.757570488532775,
            "MSE": 115.22265895276142,
            "R2": 0.2521595811379195
        }
    },
    "2, 1": {
        "Test": {
            "MAE": 10.073935323265511,
            "MSE": 136.00223977150267,
            "R2": 0.22142237839621648
        },
        "Val": {
            "MAE": 9.316848192277298,
            "MSE": 118.73301912815619,
            "R2": 0.22937596159829177
        }
    },
    "4, 1": {
        "Test": {
            "MAE": 9.573354516533332,
            "MSE": 127.61164827894098,
            "R2": 0.26945634297726495
        },
        "Val": {
            "MAE": 8.825007706974066,
            "MSE": 115.06105033310575,
            "R2": 0.25320848470353297
        }
    },
    "8, 4, 2, 1": {
        "Test": {
            "MAE": 13.524193717212212,
            "MSE": 301.7071401283543,
            "R2": -0.7271952872002183
        },
        "Val": {
            "MAE": 12.600053856668909,
            "MSE": 270.4983128148412,
            "R2": -0.7556405432361257
        }
    },
    "16, Dropout, 8, Dropout": {
        "Test": {
            "MAE": 9.44492843410833,
            "MSE": 126.79097012381365,
            "R2": 0.27415451300148475
        },
        "Val": {
            "MAE": 8.69681256590326,
            "MSE": 115.24638760833459,
            "R2": 0.25200557282146374
        }
    },
    "16, Dropout": {
        "Test": {
            "MAE": 9.544400571652544,
            "MSE": 127.449742288111,
            "R2": 0.2703832128690814
        },
        "Val": {
            "MAE": 8.786341682111516,
            "MSE": 115.131296933879,
            "R2": 0.2527525566089779
        }
    }
}