{
    "16, Dropout, 8, Dropout": {
        "Test": {
            "MAE": 9.043414537891062,
            "MSE": 122.92136116912683,
            "R2": 0.2127797785248161
        },
        "Val": {
            "MAE": 8.66226868796767,
            "MSE": 116.50186474779213,
            "R2": 0.21818143093689923
        }
    },
    "16, Dropout": {
        "Test": {
            "MAE": 8.985531779208214,
            "MSE": 120.92053103523492,
            "R2": 0.22559361272056222
        },
        "Val": {
            "MAE": 8.846534366774979,
            "MSE": 117.14965977620547,
            "R2": 0.21383421998661356
        }
    }
}