{
    "16, 1": {
        "Test": {
            "MAE": 8.941988649555281,
            "MSE": 119.42652302228421,
            "R2": 0.23516162683669728
        },
        "Val": {
            "MAE": 8.804700757746112,
            "MSE": 116.7199608585803,
            "R2": 0.21671783557193436
        }
    },
    "8, 1": {
        "Test": {
            "MAE": 8.953408737431943,
            "MSE": 120.38450862828152,
            "R2": 0.22902643899179853
        },
        "Val": {
            "MAE": 8.836533734463808,
            "MSE": 117.64037511104911,
            "R2": 0.2105411365519808
        }
    },
    "2, 1": {
        "Test": {
            "MAE": 9.288372686381951,
            "MSE": 128.46695656692748,
            "R2": 0.1772643498332822
        },
        "Val": {
            "MAE": 9.141088540930498,
            "MSE": 120.72825705261958,
            "R2": 0.18981903526870358
        }
    },
    "4, 1": {
        "Test": {
            "MAE": 8.948720887128044,
            "MSE": 120.14430338077102,
            "R2": 0.2305647755864002
        },
        "Val": {
            "MAE": 8.86218305099429,
            "MSE": 117.50456133720469,
            "R2": 0.21145255312506284
        }
    },
    "8, 4, 2, 1": {
        "Test": {
            "MAE": 11.120882231269785,
            "MSE": 191.30624797321818,
            "R2": -0.2251747415313221
        },
        "Val": {
            "MAE": 11.136230348285876,
            "MSE": 178.49114885884924,
            "R2": -0.19781511560654264
        }
    },
    "16, Dropout, 8, Dropout": {
        "Test": {
            "MAE": 8.703100044067646,
            "MSE": 115.04968971749393,
            "R2": 0.26319200049011193
        },
        "Val": {
            "MAE": 8.363805416174102,
            "MSE": 110.72544658495733,
            "R2": 0.2569457115958763
        }
    },
    "16, Dropout": {
        "Test": {
            "MAE": 8.994242645089141,
            "MSE": 121.52114386537488,
            "R2": 0.22174713265666923
        },
        "Val": {
            "MAE": 8.844827997789048,
            "MSE": 117.36921058095886,
            "R2": 0.21236086248816877
        }
    }
}